姓名,学号,邮箱,志愿1,志愿2,推荐人
张三,2023010101,2023010101@smbu.edu.cn,技术部,宣传部,李四
李四,2023010102,2023010102@smbu.edu.cn,宣传部,,
王五,2023010103,2023010103@smbu.edu.cn,技术部,外联部,
赵六,2023010104,2023010104@SMBU.edu.cn,外联部,,张三
钱七,2023010105,2023010105@qq.com,宣传部,技术部,
孙八,2023010A06,2023010106@smbu.edu.cn,技术部,,
周九,,2023010107@smbu.edu.cn,宣传部,,
吴十,2023010108,,外联部,,
郑十一,2023010109,2023010109@smbu.edu.cn,,,
冯十二,2023010110,2023010110@smbu.edu.cn,技术部,技术部,
陈一,2023010111,2023010111@smbu.edu.cn,宣传部,外联部,王五
褚二,2023010112,2023010112@smbu.edu.cn,技术部,-,
卫三,2023010113,2023010113@smbu.edu.cn,外联部,宣传部,
蒋四,2023010114,2023010114@smbu.edu.cn,宣传部,N/A,
沈五,2023010115,2023010115@smbu.edu.cn,技术部,外联部,
韩六,2023010116,2023010116@smbu.edu.cn,宣传部,技术部,
杨七,2023010117,2023010117@smbu.edu.cn,外联部,,
张三,2023010101,2023010101@smbu.edu.cn,技术部,宣传部,李四
朱八,2023010101,2023010101@smbu.edu.cn,外联部,,
秦九,2023010118,2023010119@smbu.edu.cn,技术部,,
尤十,2023010119,2023010119@smbu.edu.cn,宣传部,宣传部,
许一, 2023010120 ,2023010120@smbu.edu.cn,技术部,,
,,,,,
